Whisky;Concentration;Prices
 Chichibu The Peated 2022 ; 70cl / 53.5% ;[' £199 ', ' (£284.29 per litre) ']
 Hakushu 18 Year Old Peated Malt100th Anniversary; 70cl / 48% ;[' £1,350 ', ' (£1,928.57 per litre) ']
 Yamazaki 12 Year Old100th Anniversary; 70cl / 43% ;[' £199 ', ' (£284.29 per litre) ']
 Hibiki Harmony ; 70cl / 43% ;[' £81.25 ', ' (£116.07 per litre) ']
 Yamazaki Distiller's Reserve ; 70cl / 43% ;[' £78.95 ', ' (£112.79 per litre) ']
 Nikka Coffey Grain Whisky ; 70cl / 45% ;[' £59.75 ', ' (£85.36 per litre) ']
 Fuji Single Malt Whisky ; 70cl / 46% ;[' £71.95 ', ' (£102.79 per litre) ']
 Suntory Toki ; 70cl / 43% ;[' £35.50 ', ' (£50.71 per litre) ']
 Hakushu Distiller's Reserve ; 70cl / 43% ;[' £78.95 ', ' (£112.79 per litre) ']
 Kanosuke Single Malt ; 70cl / 48% ;[' £89.95 ', ' (£128.50 per litre) ']
 Togouchi Single Malt ; 70cl / 40% ;[' £91.50 ', ' (£130.71 per litre) ']
 Kanosuke Single Malt2022 Limited Edition; 70cl / 59% ;[' £150 ', ' (£214.29 per litre) ']
 Yoichi Single Malt ; 70cl / 45% ;[' £77.75 ', ' (£111.07 per litre) ']
 Fuji Single Grain Whiskey ; 70cl / 46% ;[' £62.95 ', ' (£89.93 per litre) ']
 Kaiyo Mizunara Oak ; 70cl / 43% ;[' £74.50 ', ' (£106.43 per litre) ']
 Ichiro's Malt Double Distilleries 2021 ; 70cl / 53.5% ;[' £304 ', ' (£434.29 per litre) ']
 Matsui SakuraKurayoshi Distillery; 70cl / 48% ;[' £138 ', ' (£197.14 per litre) ']
 Matsui MizunaraKurayoshi Distillery; 70cl / 48% ;[' £136 ', ' (£194.29 per litre) ']
 Miyagikyo Single Malt ; 70cl / 45% ;[' £78.50 ', ' (£112.14 per litre) ']
 Mars Komagatake2022 Edition; 70cl / 50% ;[' £137 ', ' (£195.71 per litre) ']
 Kaiyo Mizunara Oak Cask Strength ; 70cl / 53% ;[' £112 ', ' (£160 per litre) ']
 Matsui PeatedKurayoshi Distillery; 70cl / 48% ;[' £133 ', ' (£190 per litre) ']
 Hibiki Harmony 2021 Limited Edition Design ; 70cl / 43% ;[' £750 ', ' (£1,071.43 per litre) ']
 Akashi 5 Year OldRed Wine Cask; 50cl / 50% ;[' £162 ', ' (£324 per litre) ']
